,geometry,power,operator,operator:wikidata,ref,start_date,substation,name,operator:wikipedia,ref:terna,voltage,building,man_made,material,source,building:use,layer,location,substance,alt_name,landuse,plant:method,plant:output:electricity,plant:source,ref:EU:ENTSOE_EIC,wikidata,wikipedia,generator:source,addr:city,addr:housenumber,addr:postcode,addr:street,plant:type,website,name:en,since,utility,city,pipeline,valve,bridge,bridge:structure,direction,industrial,building:levels,building:material,roof:material,roof:shape,generator:method,generator:type,arpav_codice_bacino,arpav_codice_sottobacino,waterway
0,POINT (12.2588587 45.5051467),substation,Enel,Q651222,11031849,2001/10,,,,,,,,,,,,,,,,,,,,,,,,,,,,,,,,"Venezia, Veneto, Italy",,,,,,,,,,,,,,,
1,POINT (12.3369855 45.4449225),substation,,,dg40-2-031560,,minor_distribution,,,,,,,,,,,,,,,,,,,,,,,,,,,,,,,"Venezia, Veneto, Italy",,,,,,,,,,,,,,,
2,POINT (12.3182023 45.4319262),substation,,,,,,,,,,,,,,,,,,,,,,,,,,,,,,,,,,,,"Venezia, Veneto, Italy",,,,,,,,,,,,,,,
3,"POLYGON ((12.2023319 45.4716009, 12.2035439 45.4715592, 12.2035355 45.4712382, 12.20352 45.4706518, 12.2034774 45.4690328, 12.2033057 45.4690456, 12.2031716 45.4689778, 12.2022774 45.4689783, 12.2023231 45.4702208, 12.2023535 45.4705433, 12.2023319 45.4716009))",substation,Terna S.p.A.,Q936325,,,transmission,Villabona TR,it:Terna (azienda),VVENVILV1_2;VVENVILVT2_2,132000,,,,,,,,,,,,,,,,,,,,,,,,,,,"Venezia, Veneto, Italy",,,,,,,,,,,,,,,
4,"POLYGON ((12.3315169 45.4994902, 12.3315556 45.4994595, 12.3315925 45.4994824, 12.3315538 45.4995131, 12.3315169 45.4994902))",substation,,,,,minor_distribution,,,,,yes,,,,,,,,,,,,,,,,,,,,,,,,,,"Venezia, Veneto, Italy",,,,,,,,,,,,,,,
5,"POLYGON ((12.2477166 45.4296456, 12.2481742 45.4296363, 12.2481645 45.4293225, 12.2477048 45.4293341, 12.2477166 45.4296456))",substation,Enel Produzione,Q3725220,,,transmission,Fusina Termica sezione 1 400,,VVENFSNV11,380000,,,,,,,,,,,,,,,,,,,,,,,,,,,"Venezia, Veneto, Italy",,,,,,,,,,,,,,,
6,"POLYGON ((12.245247 45.4296921, 12.246057 45.4296865, 12.246049 45.4291839, 12.2452336 45.4291858, 12.245247 45.4296921))",substation,Enel Produzione,Q3725220,,,transmission,Fusina Termica sezione 1 220,,VVENFSNV21,380000,,,,,,,,,,,,,,,,,,,,,,,,,,,"Venezia, Veneto, Italy",,,,,,,,,,,,,,,
7,"POLYGON ((12.2375099 45.433238, 12.237626 45.4332388, 12.2376249 45.4333113, 12.2377866 45.4333125, 12.2377952 45.432746, 12.2375174 45.432744, 12.2375099 45.433238))",substation,Alcoa,,,,industrial,Alcoa Fusina,,VVENALCV,132000,,,,,,,,,,,,,,,,,,,,,,,,,,,"Venezia, Veneto, Italy",,,,,,,,,,,,,,,
8,"POLYGON ((12.2471328 45.4283426, 12.2487583 45.4283125, 12.2487153 45.4271981, 12.2480716 45.4273035, 12.2480287 45.4273939, 12.2470255 45.4280941, 12.2471328 45.4283426))",substation,Enel Produzione,Q3725220,,,transmission,"Fusina Termica Sezione 2, 3, 4",,VVENFSNV42;VVENFSNV43;VVENFSNV44,132000,,,,,,,,,,,,,,,,,,,,,,,,,,,"Venezia, Veneto, Italy",,,,,,,,,,,,,,,
9,"POLYGON ((12.2357284 45.4454465, 12.2357318 45.4454145, 12.2357194 45.4453836, 12.2356959 45.4453598, 12.2356631 45.4453422, 12.2356242 45.4453326, 12.2355829 45.445332, 12.2355434 45.4453403, 12.2355094 45.4453568, 12.2354844 45.4453798, 12.2354708 45.4454072, 12.2354699 45.4454361, 12.2354818 45.4454639, 12.2355085 45.4454899, 12.2355463 45.445508, 12.2355907 45.445516, 12.2356363 45.4455128, 12.2356776 45.4454988, 12.2357095 45.4454758, 12.2357284 45.4454465))",,,,,,,DP 407,,,,gasometer,gasometer,steel,Ministero dell'ambiente e della sicurezza energetica,,,,,,,,,,,,,,,,,,,,,,,"Venezia, Veneto, Italy",,,,,,,,,,,,,,,
10,"POLYGON ((12.23627 45.4456359, 12.2362836 45.4456085, 12.2362845 45.4455796, 12.2362726 45.4455519, 12.2362459 45.4455258, 12.2362081 45.4455077, 12.2361637 45.4454998, 12.2361181 45.445503, 12.2360769 45.4455169, 12.2360449 45.4455399, 12.2360261 45.4455692, 12.2360226 45.4456012, 12.236035 45.4456322, 12.2360585 45.445656, 12.2360914 45.4456735, 12.2361303 45.4456831, 12.2361716 45.4456837, 12.2362111 45.4456754, 12.236245 45.4456589, 12.23627 45.4456359))",,,,,,,DP 408,,,,gasometer,gasometer,steel,Ministero dell'ambiente e della sicurezza energetica,,,,,,,,,,,,,,,,,,,,,,,"Venezia, Veneto, Italy",,,,,,,,,,,,,,,
11,"POLYGON ((12.237539 45.4446981, 12.2375594 45.4446722, 12.2375671 45.4446431, 12.2375612 45.4446138, 12.2375423 45.4445874, 12.2375124 45.4445665, 12.2374746 45.4445534, 12.2374328 45.4445493, 12.2373913 45.4445548, 12.2373545 45.4445693, 12.2373261 45.4445912, 12.2373087 45.4446197, 12.2373058 45.4446506, 12.2373176 45.4446805, 12.237343 45.4447059, 12.2373789 45.4447239, 12.2374213 45.4447325, 12.2374654 45.4447308, 12.2375062 45.4447189, 12.237539 45.4446981))",,,,,,,DP 501,,,,gasometer,gasometer,steel,Ministero dell'ambiente e della sicurezza energetica,,,,,,,,,,,,,,,,,,,,,,,"Venezia, Veneto, Italy",,,,,,,,,,,,,,,
12,"POLYGON ((12.234658 45.4450811, 12.2346607 45.4450559, 12.234651 45.4450316, 12.2346325 45.4450129, 12.2346067 45.444999, 12.234576 45.4449915, 12.2345436 45.444991, 12.2345125 45.4449975, 12.2344858 45.4450105, 12.2344661 45.4450286, 12.2344554 45.4450501, 12.2344547 45.4450729, 12.234464 45.4450947, 12.234485 45.4451152, 12.2345148 45.4451295, 12.2345497 45.4451357, 12.2345855 45.4451332, 12.234618 45.4451222, 12.2346432 45.4451041, 12.234658 45.4450811))",,,,,,,DA 405,,,,gasometer,gasometer,steel,Ministero dell'ambiente e della sicurezza energetica,,,,,,,,,,,,,,,,,,,,,,,"Venezia, Veneto, Italy",,,,,,,,,,,,,,,
13,"POLYGON ((12.2378859 45.4450858, 12.2378975 45.4450544, 12.237894 45.445022, 12.2378759 45.4449922, 12.237845 45.444968, 12.2378047 45.4449522, 12.2377593 45.4449462, 12.2377135 45.4449509, 12.2376723 45.4449656, 12.2376401 45.4449889, 12.2376201 45.4450187, 12.237615 45.4450514, 12.2376256 45.4450836, 12.2376505 45.4451115, 12.237687 45.4451322, 12.2377312 45.4451433, 12.2377782 45.4451437, 12.2378228 45.4451333, 12.23786 45.4451133, 12.2378859 45.4450858))",,,,,,,DP 500,,,,gasometer,gasometer,steel,Ministero dell'ambiente e della sicurezza energetica,,,,,,,,,,,,,,,,,,,,,,,"Venezia, Veneto, Italy",,,,,,,,,,,,,,,
14,"POLYGON ((12.2350598 45.4452189, 12.2350705 45.4451974, 12.2350713 45.4451746, 12.2350619 45.4451528, 12.2350409 45.4451323, 12.2350112 45.4451181, 12.2349763 45.4451118, 12.2349404 45.4451143, 12.2349079 45.4451253, 12.2348828 45.4451434, 12.234868 45.4451664, 12.2348653 45.4451916, 12.234875 45.445216, 12.2348935 45.4452347, 12.2349193 45.4452485, 12.2349499 45.445256, 12.2349824 45.4452565, 12.2350135 45.44525, 12.2350401 45.445237, 12.2350598 45.4452189))",,,,,,,DA 406,,,,gasometer,gasometer,steel,Ministero dell'ambiente e della sicurezza energetica,,,,,,,,,,,,,,,,,,,,,,,"Venezia, Veneto, Italy",,,,,,,,,,,,,,,
15,"POLYGON ((12.2360383 45.445067, 12.236041 45.4450423, 12.2360315 45.4450185, 12.2360134 45.4450002, 12.2359881 45.4449867, 12.2359581 45.4449793, 12.2359264 45.4449788, 12.2358959 45.4449852, 12.2358698 45.4449979, 12.2358506 45.4450156, 12.2358401 45.4450367, 12.2358394 45.4450589, 12.2358485 45.4450803, 12.2358691 45.4451004, 12.2358982 45.4451143, 12.2359324 45.4451204, 12.2359674 45.4451179, 12.2359992 45.4451072, 12.2360238 45.4450895, 12.2360383 45.445067))",,,,,,,DP 502,,,,gasometer,gasometer,steel,Ministero dell'ambiente e della sicurezza energetica,,,,,,,,,,,,,,,,,,,,,,,"Venezia, Veneto, Italy",,,,,,,,,,,,,,,
16,"POLYGON ((12.2219639 45.4583595, 12.2223406 45.4577281, 12.2234342 45.4580684, 12.2232478 45.4583936, 12.2242879 45.4587044, 12.2239018 45.4593348, 12.2223723 45.458627, 12.2219639 45.4583595))",substation,Terna S.p.A.,Q936325,,,,Stazione 1A,it:Terna (azienda),,132000,,,,,,,,,,,,,,,,,,,,,,,,,,,"Venezia, Veneto, Italy",,,,,,,,,,,,,,,
17,"POLYGON ((12.2270151 45.4592163, 12.227017 45.4589707, 12.2273572 45.4589701, 12.2273494 45.4592661, 12.2270437 45.4592709, 12.2270427 45.4592184, 12.2270151 45.4592163))",substation,Enel Distribuzione,Q3725215,,,distribution,Ca' Emiliani,,VVENCEMV,132000,,,,,,,,,,,,,,,,,,,,,,,,,,,"Venezia, Veneto, Italy",,,,,,,,,,,,,,,
18,"POLYGON ((12.2379015 45.4624464, 12.2378098 45.4622886, 12.2377162 45.4621276, 12.2376531 45.462019, 12.2378929 45.4619504, 12.2381413 45.4623779, 12.2379015 45.4624464))",substation,Edison,Q912872,,,transmission,Azotati,,VVENAZTVG3;VVENAZTVG4;VVENAZTVM1T;VVENAZTVM2,220000;132000,yes,,,,,,,,,,,,,,,,,,,,,,,,,,"Venezia, Veneto, Italy",,,,,,,,,,,,,,,
19,"POLYGON ((12.238633 45.4311837, 12.2394568 45.4311815, 12.2394523 45.430784, 12.238624 45.4307815, 12.238633 45.4311837))",substation,Alcoa,,,,industrial,Stazione V,,VVENST5V,220000,yes,,,,industrial,,,,,,,,,,,,,,,,,,,,,,"Venezia, Veneto, Italy",,,,,,,,,,,,,,,
20,"POLYGON ((12.3471278 45.4392234, 12.3471333 45.4392235, 12.3471387 45.4392236, 12.3471442 45.4392235, 12.3471498 45.4392233, 12.3471551 45.4392228, 12.3471606 45.4392225, 12.3471673 45.4392216, 12.3471685 45.4392257, 12.3471829 45.4392233, 12.3471819 45.4392194, 12.3471874 45.4392185, 12.3471924 45.4392175, 12.3471973 45.4392162, 12.3472026 45.4392147, 12.3472078 45.4392133, 12.3472125 45.4392116, 12.3472175 45.4392099, 12.3472223 45.4392082, 12.3472269 45.4392063, 12.3472314 45.4392041, 12.347236 45.439202, 12.3472406 45.4391999, 12.3472449 45.4391974, 12.3472491 45.4391951, 12.3472528 45.4391981, 12.3472633 45.4391909, 12.3472597 45.4391882, 12.347265 45.4391844, 12.3472683 45.4391816, 12.3472718 45.4391788, 12.3472752 45.4391757, 12.3472785 45.4391727, 12.3472816 45.4391695, 12.3472848 45.4391662, 12.3472873 45.4391631, 12.3472901 45.4391596, 12.3472925 45.4391562, 12.347295 45.4391529, 12.3472973 45.4391494, 12.3472989 45.4391466, 12.3473038 45.4391474, 12.3473085 45.4391373, 12.3473043 45.4391363, 12.3473058 45.4391312, 12.347307 45.4391276, 12.3473081 45.4391238, 12.3473093 45.43912, 12.3473097 45.4391161, 12.3473102 45.4391123, 12.3473108 45.4391086, 12.3473109 45.4391048, 12.3473111 45.439101, 12.3473108 45.4390971, 12.3473107 45.4390932, 12.3473104 45.4390894, 12.3473096 45.4390856, 12.3473088 45.4390818, 12.3473136 45.4390805, 12.3473108 45.4390707, 12.3473057 45.4390713, 12.3473041 45.4390671, 12.3473023 45.4390632, 12.3473006 45.4390597, 12.3472984 45.4390562, 12.3472964 45.4390523, 12.3472939 45.439049, 12.3472917 45.4390456, 12.3472893 45.4390421, 12.3472864 45.439039, 12.3472834 45.4390357, 12.3472804 45.4390325, 12.3472773 45.4390292, 12.347274 45.4390263, 12.3472693 45.4390222, 12.347273 45.4390195, 12.3472647 45.439013, 12.3472611 45.4390158, 12.3472557 45.4390124, 12.3472518 45.4390097, 12.3472475 45.4390072, 12.3472431 45.4390049, 12.3472386 45.4390026, 12.3472341 45.4390003, 12.3472299 45.4389983, 12.3472252 45.4389964, 12.3472205 45.4389944, 12.3472154 45.4389927, 12.3472107 45.438991, 12.3472057 45.4389893, 12.3472 45.4389874, 12.3472011 45.4389841, 12.3471857 45.4389805, 12.3471842 45.4389839, 12.3471798 45.4389833, 12.3471747 45.4389825, 12.3471692 45.4389817, 12.3471638 45.4389812, 12.3471584 45.4389806, 12.347153 45.4389803, 12.3471477 45.4389798, 12.3471423 45.4389797, 12.3471369 45.4389796, 12.3471314 45.4389798, 12.3471259 45.4389801, 12.3471205 45.4389805, 12.347115 45.4389806, 12.347109 45.438981, 12.3471082 45.438978, 12.3470936 45.43898, 12.3470948 45.4389832, 12.3470886 45.4389848, 12.3470834 45.4389859, 12.3470783 45.438987, 12.347073 45.4389885, 12.3470682 45.43899, 12.3470631 45.4389917, 12.3470582 45.4389933, 12.3470535 45.4389949, 12.3470487 45.438997, 12.3470442 45.4389991, 12.3470396 45.4390012, 12.3470354 45.4390034, 12.3470302 45.4390061, 12.3470267 45.4390034, 12.3470155 45.4390105, 12.3470186 45.4390132, 12.3470146 45.439016, 12.3470108 45.4390186, 12.3470073 45.4390213, 12.3470036 45.4390245, 12.3470004 45.4390275, 12.346997 45.4390306, 12.346994 45.4390338, 12.3469908 45.4390367, 12.3469883 45.4390401, 12.3469856 45.4390434, 12.3469831 45.439047, 12.3469806 45.4390503, 12.3469783 45.4390538, 12.3469766 45.4390574, 12.3469737 45.4390625, 12.3469689 45.439062, 12.3469653 45.4390721, 12.3469694 45.4390727, 12.3469686 45.4390756, 12.3469675 45.4390795, 12.3469667 45.4390833, 12.3469659 45.4390871, 12.3469654 45.4390909, 12.3469648 45.4390947, 12.3469647 45.4390985, 12.3469645 45.4391023, 12.3469647 45.4391062, 12.3469651 45.43911, 12.3469656 45.4391138, 12.3469661 45.4391177, 12.3469672 45.4391231, 12.3469619 45.4391236, 12.346964 45.4391324, 12.3469702 45.4391315, 12.3469719 45.4391363, 12.3469733 45.4391399, 12.346975 45.4391436, 12.3469772 45.4391472, 12.3469791 45.4391508, 12.3469817 45.4391542, 12.3469839 45.4391576, 12.3469864 45.4391609, 12.346989 45.4391643, 12.3469922 45.4391676, 12.3469952 45.4391707, 12.3469991 45.4391745, 12.3469936 45.4391781, 12.3470064 45.4391884, 12.3470117 45.4391849, 12.347016 45.4391884, 12.3470201 45.439191, 12.3470241 45.4391935, 12.3470281 45.4391961, 12.3470326 45.4391984, 12.347037 45.4392008, 12.3470413 45.4392029, 12.347046 45.4392051, 12.3470504 45.4392069, 12.3470555 45.4392088, 12.3470602 45.4392105, 12.3470653 45.4392122, 12.3470731 45.4392144, 12.3470713 45.4392194, 12.347089 45.4392231, 12.347091 45.4392189, 12.3470958 45.4392199, 12.3471013 45.4392207, 12.3471063 45.4392215, 12.3471117 45.439222, 12.3471171 45.4392227, 12.3471225 45.4392231, 12.3471278 45.4392234))",,,,,,,,,,,yes,gasometer,,,,,,,,,,,,,,,,,,,,,,,,,"Venezia, Veneto, Italy",,,,,,,,,,,,,,,
21,"POLYGON ((12.3468691 45.4388097, 12.346872 45.4388121, 12.3468751 45.4388145, 12.3468779 45.4388165, 12.346881 45.4388187, 12.3468842 45.4388208, 12.3468872 45.4388226, 12.3468903 45.4388246, 12.3468937 45.4388266, 12.3468968 45.4388285, 12.3469002 45.4388304, 12.3469036 45.438832, 12.3469072 45.4388339, 12.3469105 45.4388356, 12.3469143 45.4388369, 12.3469178 45.4388386, 12.3469215 45.43884, 12.3469252 45.4388415, 12.3469291 45.438843, 12.3469328 45.4388444, 12.3469367 45.4388456, 12.3469404 45.4388468, 12.3469441 45.4388481, 12.3469508 45.4388495, 12.3469498 45.4388529, 12.3469656 45.4388564, 12.346967 45.4388533, 12.3469726 45.4388543, 12.3469767 45.4388551, 12.346981 45.4388557, 12.346985 45.4388561, 12.3469892 45.4388567, 12.3469932 45.438857, 12.3469975 45.4388574, 12.3470019 45.4388576, 12.3470061 45.4388581, 12.3470102 45.4388581, 12.3470143 45.4388583, 12.3470187 45.4388583, 12.3470229 45.4388582, 12.3470272 45.4388581, 12.3470312 45.4388579, 12.3470355 45.4388577, 12.3470399 45.4388574, 12.347044 45.4388571, 12.3470483 45.4388567, 12.3470524 45.4388562, 12.3470567 45.4388555, 12.3470609 45.438855, 12.3470648 45.4388545, 12.3470709 45.4388533, 12.347072 45.4388566, 12.3470913 45.4388521, 12.3470899 45.4388488, 12.3470932 45.4388479, 12.3470971 45.4388468, 12.3471008 45.4388456, 12.3471048 45.4388443, 12.3471084 45.438843, 12.3471122 45.4388415, 12.3471159 45.4388401, 12.3471195 45.4388386, 12.3471231 45.4388371, 12.3471266 45.4388354, 12.3471302 45.4388339, 12.3471338 45.4388322, 12.347137 45.4388304, 12.3471404 45.4388285, 12.3471437 45.4388265, 12.3471469 45.4388249, 12.3471503 45.4388229, 12.3471532 45.4388207, 12.3471564 45.4388188, 12.3471595 45.4388166, 12.3471625 45.4388144, 12.3471652 45.4388123, 12.347168 45.43881, 12.3471707 45.4388079, 12.3471734 45.4388054, 12.3471771 45.4388076, 12.3471879 45.4387978, 12.3471839 45.4387953, 12.3471855 45.4387933, 12.3471877 45.4387907, 12.3471899 45.438788, 12.347192 45.4387854, 12.347194 45.438783, 12.3471957 45.4387803, 12.3471977 45.4387775, 12.3471996 45.4387748, 12.3472009 45.4387721, 12.3472026 45.4387692, 12.3472039 45.4387665, 12.3472054 45.4387636, 12.3472068 45.4387607, 12.347208 45.4387578, 12.347209 45.4387549, 12.3472101 45.4387523, 12.3472112 45.4387493, 12.3472119 45.4387463, 12.3472128 45.4387433, 12.3472135 45.4387404, 12.3472141 45.4387375, 12.3472145 45.4387346, 12.3472148 45.4387317, 12.3472154 45.4387274, 12.3472212 45.4387275, 12.3472216 45.4387129, 12.3472157 45.4387128, 12.3472153 45.4387107, 12.347215 45.4387078, 12.3472146 45.438705, 12.347214 45.4387016, 12.3472136 45.4386988, 12.3472128 45.4386959, 12.347212 45.4386929, 12.3472112 45.43869, 12.3472102 45.4386873, 12.3472092 45.4386842, 12.347208 45.4386813, 12.3472068 45.4386786, 12.3472055 45.4386756, 12.3472043 45.4386729, 12.3472027 45.4386702, 12.347201 45.4386673, 12.3471996 45.4386645, 12.3471977 45.4386618, 12.3471959 45.4386592, 12.3471941 45.4386565, 12.347192 45.4386537, 12.3471898 45.4386512, 12.3471878 45.4386487, 12.3471857 45.4386462, 12.3471823 45.4386424, 12.347187 45.4386399, 12.3471744 45.4386281, 12.3471705 45.4386309, 12.3471682 45.4386293, 12.3471654 45.438627, 12.3471623 45.4386249, 12.3471596 45.4386226, 12.3471566 45.4386205, 12.3471534 45.4386184, 12.3471503 45.4386166, 12.3471472 45.4386144, 12.3471441 45.4386125, 12.3471406 45.4386106, 12.3471372 45.4386088, 12.3471339 45.4386071, 12.3471303 45.4386054, 12.3471269 45.4386038, 12.3471235 45.4386021, 12.3471197 45.4386004, 12.3471163 45.4385991, 12.3471125 45.4385977, 12.3471088 45.4385962, 12.3471051 45.438595, 12.3471011 45.4385935, 12.3470971 45.4385924, 12.3470933 45.4385911, 12.3470893 45.4385901, 12.3470876 45.4385894, 12.3470895 45.4385856, 12.3470707 45.4385814, 12.3470693 45.4385856, 12.3470651 45.4385849, 12.3470611 45.4385841, 12.3470568 45.4385835, 12.3470528 45.438583, 12.3470483 45.4385824, 12.3470441 45.4385821, 12.3470401 45.4385818, 12.347036 45.4385815, 12.3470317 45.4385812, 12.3470273 45.438581, 12.3470232 45.438581, 12.3470191 45.4385808, 12.3470149 45.438581, 12.3470104 45.4385811, 12.3470062 45.4385813, 12.3470021 45.4385813, 12.3469979 45.4385817, 12.3469938 45.4385821, 12.3469895 45.4385824, 12.3469853 45.4385831, 12.3469811 45.4385835, 12.3469769 45.4385841, 12.3469727 45.4385847, 12.3469687 45.4385855, 12.3469644 45.4385863, 12.3469599 45.4385876, 12.3469577 45.4385835, 12.3469426 45.4385874, 12.3469446 45.4385911, 12.3469408 45.4385923, 12.3469368 45.4385936, 12.3469331 45.4385948, 12.3469292 45.438596, 12.3469256 45.4385974, 12.3469217 45.4385988, 12.346918 45.4386002, 12.3469144 45.4386021, 12.3469108 45.4386035, 12.3469072 45.4386052, 12.346904 45.438607, 12.3469004 45.4386087, 12.3468972 45.4386104, 12.3468938 45.4386124, 12.3468906 45.4386143, 12.3468873 45.4386163, 12.3468843 45.4386182, 12.346881 45.4386204, 12.3468775 45.4386215, 12.3468705 45.438626, 12.3468645 45.4386312, 12.3468613 45.4386294, 12.346846 45.4386429, 12.3468504 45.4386458, 12.3468436 45.4386536, 12.3468377 45.4386618, 12.3468315 45.4386742, 12.3468259 45.4386866, 12.346823 45.4386974, 12.3468218 45.4387093, 12.3468215 45.4387149, 12.3468171 45.4387149, 12.3468168 45.4387201, 12.3468172 45.4387255, 12.3468183 45.4387314, 12.3468221 45.4387311, 12.3468241 45.4387387, 12.3468263 45.4387486, 12.3468301 45.4387576, 12.3468355 45.4387676, 12.3468422 45.438779, 12.34685 45.4387896, 12.3468556 45.4387951, 12.3468503 45.4387967, 12.3468577 45.4388036, 12.3468639 45.4388083, 12.3468659 45.4388073, 12.3468691 45.4388097))",,,,,,,,,,,yes,gasometer,,,,,,,,,,,,,,,,,,,,,,,,,"Venezia, Veneto, Italy",,,,,,,,,,,,,,,
22,"POLYGON ((12.3178864 45.4441913, 12.3184074 45.4446378, 12.3188519 45.4443817, 12.31827 45.4439739, 12.3178864 45.4441913))",substation,Enel Distribuzione,Q3725215,,,distribution,San Giobbe,,VVENSGIV,132000,,,,,,,,,,,,,,,,,,,,,,,,,,,"Venezia, Veneto, Italy",,,,,,,,,,,,,,,
23,"POLYGON ((12.3216892 45.4264213, 12.3217024 45.4264522, 12.3217459 45.4264411, 12.32173 45.4264106, 12.3216892 45.4264213))",substation,,,,,minor_distribution,,,,,yes,,,,,,,,,,,,,,,,,,,,,,,,,,"Venezia, Veneto, Italy",,,,,,,,,,,,,,,
24,"POLYGON ((12.3181672 45.443864, 12.3180806 45.443802, 12.3179809 45.4438709, 12.318067 45.4439284, 12.3181672 45.443864))",substation,,,,,,,,,,yes,,,,,,,,,,,,,,,,,,,,,,,,,,"Venezia, Veneto, Italy",,,,,,,,,,,,,,,
25,"POLYGON ((12.3208075 45.425046, 12.3207802 45.4250533, 12.3207903 45.425073, 12.3208179 45.425066, 12.3208075 45.425046))",substation,,,,,minor_distribution,,,,,yes,,,,,,,,,,,,,,,,,,,,,,,,,,"Venezia, Veneto, Italy",,,,,,,,,,,,,,,
26,"POLYGON ((12.3180867 45.4440761, 12.3181846 45.4440139, 12.318067 45.4439284, 12.3179809 45.4438709, 12.3179562 45.4438887, 12.3179036 45.4439372, 12.3180867 45.4440761))",substation,,,,,,,,,,yes,,,,,,,,,,,,,,,,,,,,,,,,,,"Venezia, Veneto, Italy",,,,,,,,,,,,,,,
27,"LINESTRING (12.3420959 45.4490948, 12.3421032 45.4490409, 12.3422132 45.4482649, 12.3369246 45.4450902)",,,,,,,,,,,,pipeline,,,,-1,underground,water,,,,,,,,,,,,,,,,,,,"Venezia, Veneto, Italy",,,,,,,,,,,,,,,
28,"LINESTRING (12.3444584 45.4490958, 12.344311 45.4489662, 12.3390635 45.4440592, 12.3390346 45.4440323)",,,,,,,,,,,,pipeline,,,,-1,underground,water,,,,,,,,,,,,,,,,,,,"Venezia, Veneto, Italy",,,,,,,,,,,,,,,
29,"POLYGON ((12.382892 45.4301706, 12.3829324 45.4302103, 12.3830121 45.4301733, 12.3829704 45.4301346, 12.382892 45.4301706))",substation,,,,,minor_distribution,,,,,yes,,,,,,,,,,,,,,,,,,,,,,,,,,"Venezia, Veneto, Italy",,,,,,,,,,,,,,,
30,"POLYGON ((12.3752171 45.4391214, 12.3752563 45.4391223, 12.3752579 45.4390903, 12.3752186 45.4390902, 12.3752171 45.4391214))",substation,,,,,minor_distribution,,,,,yes,,,,,,,,,,,,,,,,,,,,,,,,,,"Venezia, Veneto, Italy",,,,,,,,,,,,,,,
31,"POLYGON ((12.382848 45.4398726, 12.3828979 45.4398607, 12.3828835 45.4398313, 12.3828337 45.4398432, 12.382848 45.4398726))",substation,,,,,minor_distribution,,,,,yes,,,,,,,,,,,,,,,,,,,,,,,,,,"Venezia, Veneto, Italy",,,,,,,,,,,,,,,
32,"POLYGON ((12.3783817 45.4159029, 12.3784196 45.4159398, 12.3784351 45.4159068, 12.3783817 45.4159029))",substation,,,,,minor_distribution,,,,,yes,,,,,,,,,,,,,,,,,,,,,,,,,,"Venezia, Veneto, Italy",,,,,,,,,,,,,,,
33,"LINESTRING (12.3600731 45.411486, 12.3606265 45.4114361)",,,,,,,,,,,,pipeline,,,,-1,underground,water,,,,,,,,,,,,,,,,,,,"Venezia, Veneto, Italy",,,,,,,,,,,,,,,
34,"LINESTRING (12.3418763 45.4159725, 12.3619617 45.4073122)",,,,,,,,,,,,pipeline,,,,-1,underground,water,,,,,,,,,,,,,,,,,,,"Venezia, Veneto, Italy",,,,,,,,,,,,,,,
35,"LINESTRING (12.3323733 45.4193918, 12.3388156 45.4173719)",,,,,,,,,,,,pipeline,,,,-1,underground,water,,,,,,,,,,,,,,,,,,,"Venezia, Veneto, Italy",,,,,,,,,,,,,,,
36,"LINESTRING (12.3613823 45.4132779, 12.3577234 45.4169193)",,,,,,,,,,,,pipeline,,,,-1,underground,water,,,,,,,,,,,,,,,,,,,"Venezia, Veneto, Italy",,,,,,,,,,,,,,,
37,"LINESTRING (12.332374 45.4095346, 12.3337476 45.4101499)",,,,,,,,,,,,pipeline,,,,,underground,water,,,,,,,,,,,,,,,,,,,"Venezia, Veneto, Italy",,,,,,,,,,,,,,,
38,"LINESTRING (12.3429543 45.4164911, 12.3438815 45.4160448)",,,,,,,,,,,,pipeline,,,,-1,underground,water,,,,,,,,,,,,,,,,,,,"Venezia, Veneto, Italy",,,,,,,,,,,,,,,
39,"LINESTRING (12.3594913 45.4114091, 12.3600731 45.411486)",,,,,,,,,,,,pipeline,,,,-1,underground,water,,,,,,,,,,,,,,,,,,,"Venezia, Veneto, Italy",,,,,,,,,,,,,,,
40,"LINESTRING (12.3613268 45.4113614, 12.3644974 45.4111489)",,,,,,,,,,,,pipeline,,,,-1,underground,water,,,,,,,,,,,,,,,,,,,"Venezia, Veneto, Italy",,,,,,,,,,,,,,,
41,"LINESTRING (12.3377345 45.4093372, 12.3585724 45.4018384)",,,,,,,,,,,,pipeline,,,,-1,underground,water,,,,,,,,,,,,,,,,,,,"Venezia, Veneto, Italy",,,,,,,,,,,,,,,
42,"LINESTRING (12.3386682 45.4201855, 12.3406623 45.4200295)",,,,,,,,,,,,pipeline,,,,-1,underground,water,,,,,,,,,,,,,,,,,,,"Venezia, Veneto, Italy",,,,,,,,,,,,,,,
43,"LINESTRING (12.3508743 45.4139253, 12.3594913 45.4114091)",,,,,,,,,,,,pipeline,,,,-1,underground,water,,,,,,,,,,,,,,,,,,,"Venezia, Veneto, Italy",,,,,,,,,,,,,,,
44,"LINESTRING (12.337735 45.4204149, 12.3368822 45.4181247)",,,,,,,,,,,,pipeline,,,,-1,underground,water,,,,,,,,,,,,,,,,,,,"Venezia, Veneto, Italy",,,,,,,,,,,,,,,
45,"LINESTRING (12.3388156 45.4173719, 12.3403817 45.4167219)",,,,,,,,,,,,pipeline,,,,-1,underground,water,,,,,,,,,,,,,,,,,,,"Venezia, Veneto, Italy",,,,,,,,,,,,,,,
46,"LINESTRING (12.3631736 45.4120515, 12.3645363 45.4113005)",,,,,,,,,,,,pipeline,,,,-1,underground,water,,,,,,,,,,,,,,,,,,,"Venezia, Veneto, Italy",,,,,,,,,,,,,,,
47,"LINESTRING (12.3367865 45.4178677, 12.3350561 45.4132208, 12.3350095 45.4129208)",,,,,,,,,,,,pipeline,,,,-1,underground,water,,,,,,,,,,,,,,,,,,,"Venezia, Veneto, Italy",,,,,,,,,,,,,,,
48,"LINESTRING (12.3323732 45.422814, 12.3365888 45.4209595, 12.3377777 45.4204365, 12.3383618 45.4202461)",,,,,,,,,,,,pipeline,,,,-1,underground,water,,,,,,,,,,,,,,,,,,,"Venezia, Veneto, Italy",,,,,,,,,,,,,,,
49,"LINESTRING (12.3445385 45.4178854, 12.3562203 45.4163605, 12.3575631 45.4167152, 12.3576223 45.4168663)",,,,,,,,,,,,pipeline,,,,-1,underground,water,,,,,,,,,,,,,,,,,,,"Venezia, Veneto, Italy",,,,,,,,,,,,,,,
50,"LINESTRING (12.3438815 45.4160448, 12.3489493 45.4145088, 12.3491701 45.4144418, 12.3508743 45.4139253)",,,,,,,,,,,,pipeline,,,,-1,underground,water,,,,,,,,,,,,,,,,,,,"Venezia, Veneto, Italy",,,,,,,,,,,,,,,
51,"LINESTRING (12.3391923 45.420717, 12.340885 45.4200121, 12.3432 45.4188131, 12.3442539 45.4180231)",,,,,,,,,,,,pipeline,,,,-1,underground,water,,,,,,,,,,,,,,,,,,,"Venezia, Veneto, Italy",,,,,,,,,,,,,,,
52,"LINESTRING (12.3408883 45.4198942, 12.3408909 45.4198057, 12.3408707 45.4174941, 12.3413435 45.4172667)",,,,,,,,,,,,pipeline,,,,-1,underground,water,,,,,,,,,,,,,,,,,,,"Venezia, Veneto, Italy",,,,,,,,,,,,,,,
53,"POLYGON ((12.372441 45.412666, 12.3724807 45.412653, 12.3724152 45.4126263, 12.372441 45.412666))",substation,,,,,minor_distribution,,,,,yes,,,,,,,,,,,,,,,,,,,,,,,,,,"Venezia, Veneto, Italy",,,,,,,,,,,,,,,
54,"LINESTRING (12.3335349 45.4230728, 12.3336154 45.4230393, 12.3336275 45.4230342, 12.3389226 45.4208294)",,,,,,,,,,,,pipeline,,,,-1,underground,water,,,,,,,,,,,,,,,,,,,"Venezia, Veneto, Italy",,,,,,,,,,,,,,,
55,"POLYGON ((12.3976423 45.4539931, 12.3976537 45.4539643, 12.3976215 45.4539584, 12.397613 45.4539871, 12.3976423 45.4539931))",substation,,,,,minor_distribution,,,,,yes,,,,,,,,,,,,,,,,,,,,,,,,,,"Venezia, Veneto, Italy",,,,,,,,,,,,,,,
56,"POLYGON ((12.3455267 45.4549724, 12.3464362 45.4551919, 12.346508 45.4552098, 12.3467276 45.4552647, 12.3467794 45.4552777, 12.3468489 45.455295, 12.3468132 45.4553623, 12.346803 45.4553795, 12.3467655 45.4554488, 12.346751 45.4554759, 12.3467148 45.455543, 12.3465544 45.4558358, 12.3462156 45.4557366, 12.3458218 45.4556224, 12.3456051 45.4555501, 12.3454641 45.4554794, 12.3453622 45.4554007, 12.3452876 45.4553237, 12.345241 45.4552499, 12.3452316 45.4551929, 12.345231 45.4551779, 12.3452482 45.4551811, 12.3452669 45.4551309, 12.3452383 45.4551257, 12.3452517 45.4549931, 12.345518 45.455001, 12.3455267 45.4549724))",substation,Enel Distribuzione,Q3725215,,,distribution,Sacca Serenella,,VVENSSEV,132000,,,,,,,,,,,,,,,,,,,,,,,,,,,"Venezia, Veneto, Italy",,,,,,,,,,,,,,,
57,"POLYGON ((12.3544241 45.4572875, 12.3544833 45.4572964, 12.3544961 45.4572554, 12.3544373 45.4572468, 12.3544241 45.4572875))",substation,,,,,minor_distribution,,,,,yes,,,,,,,,,,,,,,,,,,,,,,,,,,"Venezia, Veneto, Italy",,,,,,,,,,,,,,,
58,"POLYGON ((12.3494923 45.4544403, 12.3495407 45.4544485, 12.3495516 45.4544162, 12.349504 45.4544077, 12.3494923 45.4544403))",substation,,,,,minor_distribution,,,,,yes,,,,,,,,,,,,,,,,,,,,,,,,,,"Venezia, Veneto, Italy",,,,,,,,,,,,,,,
59,"LINESTRING (12.3420959 45.4490948, 12.3419966 45.4498125, 12.3473367 45.4516649, 12.3480989 45.4516737)",,,,,,,,,,,,pipeline,,,,-1,underground,water,,,,,,,,,,,,,,,,,,,"Venezia, Veneto, Italy",,,,,,,,,,,,,,,
60,"POLYGON ((12.3550623 45.4605197, 12.3551036 45.4605029, 12.3550793 45.4604746, 12.3550386 45.4604915, 12.3550623 45.4605197))",substation,,,,,minor_distribution,,,,,yes,,,,,,,,,,,,,,,,,,,,,,,,,,"Venezia, Veneto, Italy",,,,,,,,,,,,,,,
61,"POLYGON ((12.3452069 45.4551735, 12.345231 45.4551779, 12.3452482 45.4551811, 12.3452669 45.4551309, 12.3452383 45.4551257, 12.3452257 45.4551233, 12.3452069 45.4551735))",substation,,,,,minor_distribution,,,,,yes,,,,,,,,,,,,,,,,,,,,,,,,,,"Venezia, Veneto, Italy",,,,,,,,,,,,,,,
62,"POLYGON ((12.353671 45.4539512, 12.3537342 45.4539479, 12.3537294 45.4539058, 12.353675 45.4539086, 12.3536686 45.4539085, 12.353671 45.4539512))",substation,,,,,minor_distribution,,,,,yes,,,,,,,,,,,,,,,,,,,,,,,,,,"Venezia, Veneto, Italy",,,,,,,,,,,,,,,
63,"LINESTRING (12.3444584 45.4490958, 12.3451965 45.4497359, 12.3452132 45.4497503, 12.3471511 45.4514311, 12.3480607 45.4514657)",,,,,,,,,,,,pipeline,,,,-1,underground,water,,,,,,,,,,,,,,,,,,,"Venezia, Veneto, Italy",,,,,,,,,,,,,,,
64,"POLYGON ((12.3562954 45.3970149, 12.356272 45.3969865, 12.3562385 45.3970001, 12.3562615 45.3970276, 12.3562954 45.3970149))",substation,,,,,minor_distribution,,,,,yes,,,,,,,,,,,,,,,,,,,,,,,,,,"Venezia, Veneto, Italy",,,,,,,,,,,,,,,
65,"POLYGON ((12.339785 45.3753292, 12.3398257 45.3753702, 12.3398662 45.3753503, 12.3398256 45.3753093, 12.339785 45.3753292))",substation,,,,,minor_distribution,,,,,yes,,,,,,,,,,,,,,,,,,,,,,,,,,"Venezia, Veneto, Italy",,,,,,,,,,,,,,,
66,"POLYGON ((12.3217311 45.3335045, 12.3217066 45.3335328, 12.321749 45.333551, 12.3217735 45.3335228, 12.3217311 45.3335045))",substation,,,,,minor_distribution,,,,,yes,,,,,,,,,,,,,,,,,,,,,,,,,,"Venezia, Veneto, Italy",,,,,,,,,,,,,,,
67,"POLYGON ((12.321658 45.3393374, 12.3216347 45.3392935, 12.3215895 45.3393042, 12.3216129 45.3393488, 12.321658 45.3393374))",substation,,,,,minor_distribution,,,,,yes,,,,,,,,,,,,,,,,,,,,,,,,,,"Venezia, Veneto, Italy",,,,,,,,,,,,,,,
68,"POLYGON ((12.3015293 45.2691522, 12.3015271 45.2691807, 12.3015658 45.2691822, 12.3015678 45.2691536, 12.3015293 45.2691522))",substation,,,,,,,,,,yes,,,,,,,,,,,,,,,,,,,,,,,,,,"Venezia, Veneto, Italy",,,,,,,,,,,,,,,
69,"POLYGON ((12.3018867 45.2729996, 12.3018486 45.2730037, 12.3018546 45.2730311, 12.3018924 45.273027, 12.3018867 45.2729996))",substation,,,,,,,,,,yes,,,,,,,,,,,,,,,,,,,,,,,,,,"Venezia, Veneto, Italy",,,,,,,,,,,,,,,
70,"POLYGON ((12.3049955 45.2855779, 12.3049586 45.2855816, 12.3049656 45.285616, 12.3050025 45.2856123, 12.3049955 45.2855779))",substation,,,,,,,,,,yes,,,,,,,,,,,,,,,,,,,,,,,,,,"Venezia, Veneto, Italy",,,,,,,,,,,,,,,
71,"POLYGON ((12.3159774 45.3152845, 12.3159308 45.3152941, 12.3159458 45.3153307, 12.3159925 45.315321, 12.3159774 45.3152845))",substation,,,,,,,,,,yes,,,,,,,,,,,,,,,,,,,,,,,,,,"Venezia, Veneto, Italy",,,,,,,,,,,,,,,
72,"POLYGON ((12.2515895 45.4732094, 12.2517712 45.4731586, 12.2517812 45.4731884, 12.2517769 45.4732163, 12.2517641 45.4732402, 12.2517428 45.4732581, 12.2517144 45.4732661, 12.2516747 45.4732631, 12.2516406 45.4732542, 12.251615 45.4732323, 12.2515895 45.4732094))",substation,Simar,,,,industrial,Simar,,VVENSMRV,132000,,,,,,,,,,,,,,,,,,,,,,,,,,,"Venezia, Veneto, Italy",,,,,,,,,,,,,,,
73,"POLYGON ((12.2573763 45.4671717, 12.2570616 45.4670246, 12.257509 45.4665907, 12.257676 45.4665307, 12.2579243 45.4666478, 12.2573763 45.4671717))",substation,Pilkington,,,,industrial,Pilkington,,VVENPILV,132000,,,,,,,,,,,,,,,,,,,,,,,,,,,"Venezia, Veneto, Italy",,,,,,,,,,,,,,,
74,"POLYGON ((12.2602661 45.4645015, 12.2599573 45.4643399, 12.2601387 45.4641818, 12.260436 45.4643388, 12.2602661 45.4645015))",substation,,,,,distribution,,,,132000,,,,,,,,,,,,,,,,,,,,,,,,,,,"Venezia, Veneto, Italy",,,,,,,,,,,,,,,
75,"POLYGON ((12.2562753 45.4888983, 12.2547159 45.4881925, 12.254896 45.4880298, 12.2552194 45.4881641, 12.2552945 45.4881409, 12.2557597 45.4876227, 12.2553801 45.4874933, 12.2550357 45.4873419, 12.2550182 45.487326, 12.25565 45.486733, 12.2566572 45.4872071, 12.2576582 45.487669, 12.2562753 45.4888983))",substation,Enel Distribuzione,Q3725215,,,distribution,Mestre,,VVENMESV,132000,,,,,,,,,,,,,,,,,,,,,,,,,,,"Venezia, Veneto, Italy",,,,,,,,,,,,,,,
76,"POLYGON ((12.2025506 45.503678, 12.2021276 45.5028205, 12.2033663 45.5025611, 12.2035491 45.503012, 12.2037998 45.5033336, 12.2025506 45.503678))",substation,Enel Distribuzione,Q3725215,,,distribution,Zelarino,,VVENZELV,132000,,,,,,,,,,,,,,,,,,,,,,,,,,,"Venezia, Veneto, Italy",,,,,,,,,,,,,,,
77,"POLYGON ((12.2666059 45.4617959, 12.2664968 45.4612449, 12.2668171 45.4612139, 12.2668549 45.4612103, 12.2671556 45.4611812, 12.2671731 45.4613023, 12.2672058 45.4612994, 12.2672899 45.4617281, 12.2666059 45.4617959))",substation,Eni,,,,transmission,Eni Raffineria Venezia,,VVENAGPV,132000,no,,,,,,,,,,,,,,,,,,,,,,,,,,"Venezia, Veneto, Italy",,,,,,,,,,,,,,,
78,"POLYGON ((12.2517402 45.4324334, 12.2520139 45.4323297, 12.2518969 45.4321781, 12.2517543 45.4322324, 12.2516234 45.4322822, 12.2517402 45.4324334))",substation,Enel Produzione,Q3725220,,,transmission,Fusina Est,,VVENFSEV,132000,yes,,,,industrial,,,,,,,,,,,,,,,,,,,,,,"Venezia, Veneto, Italy",,,,,,,,,,,,,,,
79,"POLYGON ((12.3179687 45.4436811, 12.3179278 45.4436521, 12.3179437 45.4436267, 12.3180133 45.4435854, 12.3182836 45.4434335, 12.3183492 45.4434827, 12.3180257 45.4437066, 12.3179687 45.4436811))",substation,RFI,Q1060049,,,traction,VE Santa Lucia,,VVENVSLV,50000,,,,,,,,,,,,,,,,,,,,,,,,,,,"Venezia, Veneto, Italy",,,,,,,,,,,,,,,
80,"POLYGON ((12.2522119 45.4339544, 12.2525726 45.4344121, 12.249295 45.4357001, 12.2492348 45.4357763, 12.2492772 45.4358371, 12.2492582 45.4358447, 12.2492347 45.4358542, 12.2493982 45.4360751, 12.2449551 45.4378174, 12.2447802 45.4376103, 12.2447272 45.4375296, 12.2446628 45.4320135, 12.2430592 45.4320189, 12.2430385 45.4294624, 12.2434897 45.4293303, 12.2438558 45.4292145, 12.2439589 45.4291874, 12.2440182 45.4291874, 12.2440518 45.4291928, 12.2441033 45.4292073, 12.2441368 45.4292308, 12.2441549 45.429258, 12.2441755 45.429296, 12.2441858 45.4295981, 12.244637 45.4295963, 12.2446765 45.4288583, 12.2447941 45.4288352, 12.2449613 45.4288111, 12.2450205 45.4288025, 12.2451386 45.428796, 12.2455062 45.4287892, 12.2463214 45.4287879, 12.2466709 45.4287862, 12.2485643 45.4287769, 12.2485954 45.4287983, 12.2486429 45.4287983, 12.2486892 45.4287983, 12.2486896 45.4287682, 12.2488771 45.4287668, 12.2489032 45.4287665, 12.2489704 45.4287656, 12.2489977 45.4287653, 12.2489976 45.4287754, 12.249125 45.4287739, 12.2491595 45.4304226, 12.2493031 45.4304224, 12.2501344 45.4314693, 12.2500506 45.4314983, 12.2500892 45.4318746, 12.2502655 45.4319565, 12.2504596 45.4318813, 12.25254 45.4310756, 12.2541922 45.4331988, 12.2522119 45.4339544))",plant,Enel,Q651222,,,,"Centrale termoelettrica ""Andrea Palladio""",en:Enel,,,,,,,,,,,Centrale termoelettrica di Fusina,industrial,combustion,976 MW,coal;waste;gas;hydrogen,26WIMPI-S05FTSNK,Q3664639,it:Centrale termoelettrica Andrea Palladio,,,,,,,,,,,"Venezia, Veneto, Italy",,,,,,,,,,,,,,,
81,"POLYGON ((12.2036834 45.4586104, 12.2035652 45.4576132, 12.2045862 45.4573172, 12.2049574 45.4572876, 12.2057252 45.4572965, 12.2068558 45.4571989, 12.2069655 45.458418, 12.2068474 45.4584654, 12.2036834 45.4586104))",substation,,,,,transmission,Malcontenta,,,220000,,,,,,,,,,,,,,,,,,,,,,,,,,,"Venezia, Veneto, Italy",,,,,,,,,,,,,,,
82,"POLYGON ((12.2076678 45.4540794, 12.2077236 45.4540767, 12.2077195 45.454035, 12.2076913 45.4540364, 12.2076637 45.4540377, 12.2076678 45.4540794))",substation,,,,,,,,,,yes,,,,,,,,,,,,,,,,,,,,,,,,,,"Venezia, Veneto, Italy",,,,,,,,,,,,,,,
83,"POLYGON ((12.2193946 45.4330519, 12.2194486 45.4330681, 12.2194702 45.4330326, 12.2194162 45.4330164, 12.2194045 45.4330356, 12.2193946 45.4330519))",substation,,,,,,,,,,yes,,,,,,,,,,,,,,,,,,,,,,,,,,"Venezia, Veneto, Italy",,,,,,,,,,,,,,,
84,"POLYGON ((12.2516696 45.4438334, 12.2515714 45.4438761, 12.2514422 45.4437076, 12.2520001 45.443483, 12.2520885 45.4436666, 12.2516696 45.4438334))",substation,Edison,Q912872,,,distribution,Stazione IV,,VVENST4VTA;VVENST4VTB,220000,,,,,,,,,,,,,,,,,,,,,,,,,,,"Venezia, Veneto, Italy",,,,,,,,,,,,,,,
85,"POLYGON ((12.2481742 45.4296363, 12.2486731 45.4296287, 12.2486634 45.4293149, 12.2481645 45.4293225, 12.2481742 45.4296363))",substation,Enel Produzione,Q3725220,,,transmission,Fusina Termica sezione 1 132,,VVENFSNV41,132000,,,,,,,,,,,,,,,,,,,,,,,,,,,"Venezia, Veneto, Italy",,,,,,,,,,,,,,,
86,"POLYGON ((12.2034774 45.4690328, 12.2035471 45.4689703, 12.2053549 45.4689477, 12.2053656 45.4719498, 12.2050277 45.4728413, 12.2042874 45.4726871, 12.2042585 45.4721363, 12.2042284 45.4715623, 12.2035439 45.4715592, 12.2035355 45.4712382, 12.20352 45.4706518, 12.2034774 45.4690328))",substation,Terna S.p.A.,Q936325,,,transmission,Villabona,it:Terna (azienda),,220000,,,,,,,,,,,,,,,,,,,,,,,,,,,"Venezia, Veneto, Italy",,,,,,,,,,,,,,,
87,"POLYGON ((12.2778785 45.5187093, 12.2774982 45.5175417, 12.2778714 45.5174202, 12.2780259 45.5174768, 12.2785346 45.5173452, 12.2788983 45.5184911, 12.2779593 45.5187293, 12.2778785 45.5187093))",plant,,,,,,,,,,,,,,,,,,,,photovoltaic,yes,solar,,,,solar,,,,,,,,,,"Venezia, Veneto, Italy",,,,,,,,,,,,,,,
88,"POLYGON ((12.2242879 45.4587044, 12.2242568 45.4585169, 12.2241012 45.4583175, 12.2239993 45.4582921, 12.2240315 45.4582375, 12.2234342 45.4580684, 12.2232478 45.4583936, 12.2242879 45.4587044))",substation,Sapio,,,,industrial,Cabina A3,,VVENCA3V,132000,,,,,,,,,,,,,,,,,,,,,,,,,,,"Venezia, Veneto, Italy",,,,,,,,,,,,,,,
89,"POLYGON ((12.2372428 45.470276, 12.2369939 45.4698374, 12.2370355 45.4697678, 12.2370034 45.4697124, 12.2368987 45.4696789, 12.2368852 45.4696572, 12.2369088 45.4695593, 12.2370318 45.4694634, 12.2375925 45.4693069, 12.2375624 45.4694447, 12.2375353 45.4695925, 12.237523 45.4696564, 12.2374996 45.4697705, 12.2374885 45.4699961, 12.2374823 45.4702113, 12.2372428 45.470276))",substation,e-distribuzione S.p.A.,Q3725215,,,distribution,Porto Marghera CP,,VVENPMCV,132000,,,,,,,,,,,,,,,,,,,,,,,,,,,"Venezia, Veneto, Italy",,,,,,,,,,,,,,,
90,"POLYGON ((12.3163471 45.4277303, 12.316349 45.4278074, 12.3163463 45.4280725, 12.3176203 45.427917, 12.3174085 45.4274654, 12.3163413 45.4275845, 12.3163417 45.4276619, 12.3163471 45.4277303))",substation,Enel Distribuzione,Q3725215,,,distribution,Sacca Fisola,,VVENSCFV,132000,,,,,,,,,,,,,,,,,,,,,,,,,,,"Venezia, Veneto, Italy",,,,,,,,,,,,,,,
91,"POLYGON ((12.2445176 45.4318999, 12.2443761 45.4319021, 12.2443719 45.4317647, 12.2445134 45.4317625, 12.2445176 45.4318999))",substation,Enel Produzione,Q3725220,,,transmission,Fusina Idrogeno,,VVENFSIV,132000,,,,,,,,,,,,,,,,,,,,,,,,,,,"Venezia, Veneto, Italy",,,,,,,,,,,,,,,
92,"POLYGON ((12.2312876 45.4500861, 12.2313489 45.4499796, 12.2307536 45.4498109, 12.2306923 45.4499174, 12.2312876 45.4500861))",substation,Edison,Q912872,,,industrial,Stazione III,,VVENST3VTAT;VVENST3VTB,220000,,,,,,,,,,,,,,,,,,,,,,,,,,,"Venezia, Veneto, Italy",,,,,,,,,,,,,,,
93,"POLYGON ((12.2524863 45.4458158, 12.254903 45.4448692, 12.2572124 45.4449031, 12.2572258 45.4442614, 12.2575477 45.4442557, 12.2575262 45.4446942, 12.2576013 45.4446961, 12.2575504 45.4466927, 12.2574618 45.4466946, 12.2573841 45.4469938, 12.2570515 45.4473927, 12.2567859 45.4475978, 12.2564493 45.4477813, 12.2561771 45.4478829, 12.2559826 45.4479177, 12.2559838 45.4481278, 12.2555637 45.4483252, 12.2551027 45.4485148, 12.2550787 45.4484756, 12.2549392 45.4484502, 12.2548869 45.4483872, 12.2548346 45.4484022, 12.2546522 45.4481783, 12.2544631 45.4482602, 12.2542432 45.4479911, 12.2541694 45.447992, 12.2541238 45.4478594, 12.2524863 45.4458158))",plant,Edison,Q912872,,1965,,Centrale Termoelettrica Marghera Levante,,,,,,,,,,,,,industrial,combustion,766 MW,gas,26WIMPI-S05PMAR7,Q19381036,,,Venezia,16,30175,Via della Chimica,combined_cycle,https://www.edison.it/en/marghera-levante-thermoelectric-power-plant,,,,"Venezia, Veneto, Italy",,,,,,,,,,,,,,,
94,"POLYGON ((12.3286261 45.4368643, 12.3286628 45.4368814, 12.32868 45.4368631, 12.3286439 45.4368465, 12.3286261 45.4368643))",substation,,,27508B,,minor_distribution,,,,,tech_cab,,,,,,,,,,,,,,,,,,,,,,,,,,"Venezia, Veneto, Italy",,,,,,,,,,,,,,,
95,"POLYGON ((12.2358426 45.4617972, 12.2394405 45.4605162, 12.2395995 45.4607097, 12.2398595 45.4606069, 12.2398981 45.4606555, 12.2387534 45.4610761, 12.2394825 45.4623545, 12.2393881 45.4623816, 12.238499 45.4626365, 12.2384638 45.4625791, 12.2380999 45.4626809, 12.237712 45.4627894, 12.2381136 45.4634841, 12.2381333 45.4635182, 12.2377209 45.4636355, 12.2370551 45.4637957, 12.2369404 45.4637417, 12.2358426 45.4617972))",plant,Edison,Q912872,,,,Centrale Termoelettrica di Marghera Azotati,,,,,,,https://www.industryabout.com/country-territories-3/728-italy/fossil-fuels-energy/6777-marghera-azotati-gas-power-plant,,,,,,industrial,combustion,236 MW,gas,26WIMPI-S05AZTT6,,,,,,,,,,Marghera Azotati Power Plant,,,"Venezia, Veneto, Italy",,,,,,,,,,,,,,,
96,"POLYGON ((12.3194462 45.5035225, 12.317308 45.5007281, 12.3168089 45.5009959, 12.3188855 45.503652, 12.3194462 45.5035225))",plant,,,,,,,,,,,,,,,,,,,,photovoltaic,yes,solar,,,,,,,,,,,,,,"Venezia, Veneto, Italy",,,,,,,,,,,,,,,
97,"LINESTRING (12.2558817 45.4353292, 12.2541922 45.4331988)",,,,,,,,,,,,pipeline,,,,,overhead,,,,,,,,,,,,,,,,,,,,"Venezia, Veneto, Italy",,,,,,,,,,,,,,,
98,"POLYGON ((12.2004905 45.461555, 12.2004765 45.461841, 12.2008281 45.4618361, 12.2008281 45.4619742, 12.2015674 45.4619695, 12.2015566 45.4613846, 12.2004905 45.461555))",plant,,,,,,,,,,,,,,,,,,,,photovoltaic,yes,solar,,,,,,,,,,,,,,"Venezia, Veneto, Italy",,,,,,,,,,,,,,,
99,"POLYGON ((12.2452171 45.4268, 12.245785 45.4271605, 12.2461019 45.4269168, 12.2461001 45.4268566, 12.2461551 45.4268124, 12.2462415 45.4268091, 12.246732 45.4264329, 12.2461707 45.4260716, 12.2452171 45.4268))",substation,Terna,,,,,CP Fusina,,,132000,,,,,,,,,,,,,,,,,,,,,,,,,,,"Venezia, Veneto, Italy",,,,,,,,,,,,,,,
100,"POLYGON ((12.230492 45.4791265, 12.2305353 45.4791419, 12.2305381 45.4791434, 12.2305648 45.4791101, 12.2305162 45.4790934, 12.2304889 45.4791256, 12.230492 45.4791265))",substation,e-distribuzione S.p.A.,Q3725215,001144,,minor_distribution,,it:E-distribuzione,,,service,,,,,,,,,,,,,,,,,,,,,,,,1986-08,power,"Venezia, Veneto, Italy",,,,,,,,,,,,,,,
101,"LINESTRING (12.2232643 45.4534314, 12.2232885 45.4534392, 12.2232955 45.4534399, 12.2233026 45.4534392, 12.2233076 45.4534364, 12.2233106 45.4534314, 12.2233197 45.4534152, 12.2233458 45.4533721, 12.223377 45.4533206, 12.2234122 45.4532628, 12.2234615 45.4531823, 12.2235098 45.4531019, 12.2235651 45.4530123, 12.2236083 45.4529375, 12.2236647 45.4528444, 12.223726 45.452747, 12.2237884 45.4526475, 12.2238477 45.4525508, 12.223901 45.4524549, 12.223902 45.4524492, 12.2239 45.452445, 12.223892 45.4524422)",,,,,,,,,,,,pipeline,,,,,,,,,,,,,,,,,,,,,,,,,"Venezia, Veneto, Italy",,,,,,,,,,,,,,,
102,"LINESTRING (12.2239533 45.4524055, 12.2239332 45.4524401, 12.2239041 45.4524888, 12.2238347 45.4526045, 12.2237673 45.4527167, 12.2237039 45.4528204, 12.2235882 45.4530081, 12.2235279 45.4531068, 12.2234575 45.4532233, 12.2233931 45.4533298, 12.2233368 45.4534222, 12.2233307 45.4534321, 12.2233257 45.4534342, 12.2233126 45.4534554)",,,,,,,,,,,,pipeline,,,,,,,,,,,,,,,,,,,,,,,,,"Venezia, Veneto, Italy",,,,,,,,,,,,,,,
103,"LINESTRING (12.2233626 45.4534596, 12.2233661 45.4534536, 12.2233681 45.4534508, 12.2233676 45.4534487, 12.2233626 45.4534469, 12.22334 45.4534399, 12.2233364 45.4534381, 12.2233344 45.4534356, 12.2233359 45.4534335, 12.2233395 45.4534304, 12.223344 45.4534237, 12.2233571 45.4534035, 12.2233926 45.4533464, 12.2234506 45.4532504, 12.2234878 45.4531898, 12.2235306 45.4531184, 12.2235673 45.4530573, 12.2236035 45.4529938, 12.2236321 45.4529459, 12.2236684 45.4528891, 12.2237005 45.452839, 12.2237423 45.4527733, 12.223775 45.4527169, 12.2238067 45.4526664, 12.2238414 45.4526086, 12.2238735 45.4525557, 12.2239128 45.4524915, 12.223944 45.4524389, 12.2239676 45.4523994)",,,,,,,,,,,,pipeline,,,,,,,,,,,,,,,,,,,,,,,,,"Venezia, Veneto, Italy",,,,,,,,,,,,,,,
104,"LINESTRING (12.2233428 45.453446, 12.2233599 45.4534199, 12.2234132 45.4533289, 12.2234565 45.4532576, 12.2235098 45.4531729, 12.2235762 45.4530629, 12.2236355 45.4529599, 12.2236496 45.4529373, 12.2236586 45.4529281, 12.2236617 45.4529175, 12.2236958 45.4528611, 12.2237099 45.4528399, 12.223717 45.4528265, 12.223723 45.4528187, 12.223729 45.4528089, 12.2237331 45.4528004, 12.2237401 45.4527891, 12.2237451 45.4527813, 12.2237522 45.4527708, 12.2237582 45.4527616, 12.2237642 45.452751, 12.2237703 45.4527404, 12.2237813 45.4527249, 12.2237974 45.4526953, 12.2238125 45.4526741, 12.2238407 45.4526247, 12.2238779 45.4525661, 12.2239141 45.4525012)",,,,,,,,,,,,pipeline,,,,,,,,,,,,,,,,,,,,,,,,,"Venezia, Veneto, Italy",,,,,,,,,,,,,,,
105,"LINESTRING (12.2140517 45.4567604, 12.2140919 45.4567237, 12.2141523 45.4566736, 12.2142146 45.4566214)",,,,,,,,,,,,pipeline,,,,,,,,,,,,,,,,,,,,,,,,,"Venezia, Veneto, Italy",,,,,,,,,,,,,,,
106,"POLYGON ((12.1938077 45.4753244, 12.193583 45.4753762, 12.1934254 45.4750235, 12.1936595 45.4750108, 12.1938077 45.4753244))",plant,,,,,,,,,,,,,,,,,,,,photovoltaic,yes,solar,,,,,,,,,,,,,,"Venezia, Veneto, Italy",,,,,,,,,,,,,,,
107,"POLYGON ((12.240599 45.4277317, 12.2405878 45.4276975, 12.2405433 45.4277047, 12.2405545 45.4277389, 12.240599 45.4277317))",substation,,,,,minor_distribution,,,,,transformer_tower,,,,,,,,,,,,,,,,,,,,,,,,,,"Venezia, Veneto, Italy",,,,,,,,,,,,,,,
108,"LINESTRING (12.2642652 45.4486962, 12.2642773 45.4487631, 12.2643175 45.4488718, 12.264339 45.4488954, 12.264366 45.4489125, 12.2643931 45.4489229, 12.2644296 45.4489321, 12.2644622 45.4489347, 12.2645099 45.4489262, 12.2665992 45.4485436)",,,,,,,,,,,,pipeline,,,,,overground,,,,,,,,,,,,,,,,,,,,"Venezia, Veneto, Italy",,,,,,,,,,,,,,,
109,"LINESTRING (12.2669894 45.4492644, 12.2663333 45.4487116, 12.2663312 45.4487044, 12.2663371 45.4486973, 12.2664841 45.4486104)",,,,,,,,,,,,pipeline,,,,,overground,,,,,,,,,,,,,,,,,,,,"Venezia, Veneto, Italy",,,,,,,,,,,,,,,
110,"LINESTRING (12.2718998 45.4491745, 12.272458 45.4488487, 12.2724708 45.4488418, 12.2724729 45.4488403, 12.272495 45.448699, 12.2724953 45.4486943, 12.2724934 45.4486898, 12.2724883 45.4486864, 12.269806 45.4478531, 12.2697974 45.4478506, 12.2697909 45.4478506, 12.2697846 45.4478538, 12.2666994 45.4496676, 12.2620202 45.4524163, 12.2620182 45.4524189, 12.2620175 45.4524225, 12.2620175 45.4524291, 12.2620262 45.4526247, 12.2620311 45.4526287, 12.2636673 45.4539935, 12.2636759 45.4539999, 12.2636845 45.454001, 12.2636947 45.4539976, 12.2638792 45.4538904)",,,,,,,,,,,,pipeline,,,,,overground,,,,,,,,,,,,,,,,,,,,"Venezia, Veneto, Italy",,,,,,,,,,,,,,,
111,"POLYGON ((12.190498 45.5319556, 12.1899633 45.5312915, 12.1904443 45.5310707, 12.1904816 45.5310658, 12.1905517 45.5310871, 12.1910229 45.5316792, 12.190498 45.5319556))",plant,,,,,,,,,,,,,,,,,,,,photovoltaic,yes,solar,,,,,,,,,,,,,,"Venezia, Veneto, Italy",,,,,,,,,,,,,,,
112,POINT (12.547755 45.6359942),,,,,,,,,,,,pipeline,,,,,outdoor,,,,,,,,,,,,,,,,,,,,"San Donà di Piave, Veneto, Italy",valve,gate,,,,,,,,,,,,,
113,"POLYGON ((12.5949791 45.6451852, 12.5950034 45.6451563, 12.5950472 45.6451742, 12.595023 45.6452031, 12.5949791 45.6451852))",substation,e-distribuzione S.p.A.,Q3725215,254412,,,Molino Meneg,it:E-distribuzione,,,service,,,,,,surface,,,,,,,,,,,,,,,,,,,,"San Donà di Piave, Veneto, Italy",,,,,,,,,,,,,,,
114,"LINESTRING (12.545059 45.6623712, 12.544713 45.6621275, 12.5440505 45.6616626, 12.5434604 45.6612577, 12.5417009 45.6601648, 12.5430313 45.6575796, 12.543683 45.6562598, 12.5440317 45.6556074, 12.5441498 45.6552924, 12.5446728 45.6554443, 12.5451931 45.6557686, 12.5453272 45.6556318, 12.545853 45.6557424)",,SNAM,,,,,,,,,,pipeline,,,,-1,underground,gas,,,,,,,,,,,,,,,,,,,"San Donà di Piave, Veneto, Italy",,,,,,,,,,,,,,,
115,"POLYGON ((12.5691703 45.6286375, 12.5691438 45.6286082, 12.5691906 45.6285875, 12.5692171 45.6286168, 12.5691703 45.6286375))",substation,e-distribuzione S.p.A.,Q3725215,,,,,it:E-distribuzione,,,yes,,,,,,surface,,,,,,,,,,,,,,,,,,,,"San Donà di Piave, Veneto, Italy",,,,,,,,,,,,,,,
116,"POLYGON ((12.6174809 45.6676391, 12.6174534 45.6676194, 12.6174813 45.6676004, 12.6175088 45.6676201, 12.6174809 45.6676391))",substation,,,,,,,,,,yes,,,,,,,,,,,,,,,,,,,,,,,,,,"San Donà di Piave, Veneto, Italy",,,,,,,,,,,,,,,
117,"LINESTRING (12.5477572 45.6359953, 12.547755 45.6359942, 12.5477518 45.6359927)",,,,,,,,,,,,pipeline,,,,,,,,,,,,,,,,,,,,,,,,,"San Donà di Piave, Veneto, Italy",,,,,,,,,,,,,,,
118,"POLYGON ((12.558833 45.64493, 12.558798 45.6449075, 12.558823 45.6448885, 12.558858 45.644911, 12.558833 45.64493))",substation,e-distribuzione S.p.A.,Q3725215,206379,,,Cortina Est,it:E-distribuzione,,,yes,,,,,,surface,,,,,,,,,,,,,,,,,,,,"San Donà di Piave, Veneto, Italy",,,,,,,,,,,,,,,
119,"POLYGON ((12.5664542 45.6377231, 12.5664442 45.6376956, 12.5664904 45.6376874, 12.5665004 45.6377149, 12.5664542 45.6377231))",substation,e-distribuzione S.p.A.,Q3725215,,,,,it:E-distribuzione,,,yes,,,,,,surface,,,,,,,,,,,,,,,,,,,,"San Donà di Piave, Veneto, Italy",,,,,,,,,,,,,,,
120,"POLYGON ((12.5724334 45.6293038, 12.5724292 45.6292909, 12.5724917 45.6292425, 12.5725298 45.6292658, 12.5725249 45.6293071, 12.5725039 45.6293076, 12.5724334 45.6293038))",substation,e-distribuzione S.p.A.,Q3725215,477962,,,,it:E-distribuzione,,,yes,,,,,,surface,,,,,,,,,,,,,,,,,,,,"San Donà di Piave, Veneto, Italy",,,,,,,,,,,,,,,
121,"POLYGON ((12.5665356 45.6414702, 12.5664732 45.6414839, 12.5665133 45.6415662, 12.5665759 45.6415533, 12.5665356 45.6414702))",substation,,,,,,,,,,yes,,,,,,,,,,,,,,,,,,,,,,,,,,"San Donà di Piave, Veneto, Italy",,,,,,,,,,,,,,,
122,"LINESTRING (12.1224465 45.3287222, 12.1223198 45.3289023)",,,,,,,,,,,,pipeline,,,,1,,,,,,,,,,,,,,,,,,,,,"Campagna Lupia, Veneto, Italy",,,yes,,,,,,,,,,,,
123,"LINESTRING (12.1314855 45.3281981, 12.1313401 45.3280077)",,,,,,,,,,,,pipeline,,,,1,,gas,,,,,,,,,,,,,,,,,,,"Campagna Lupia, Veneto, Italy",,,yes,,,,,,,,,,,,
124,"POLYGON ((12.1041882 45.3527381, 12.1042284 45.352732, 12.1042166 45.3526991, 12.1041777 45.3527047, 12.1041882 45.3527381))",substation,,,,,minor_distribution,,,,,service,,,,,,,,,,,,,,,,,,,,,,,,,,"Campagna Lupia, Veneto, Italy",,,,,,,,,,,,,,,
125,"POLYGON ((12.0931704 45.3593375, 12.0932191 45.3593259, 12.0932036 45.3592937, 12.093155 45.3593053, 12.0931704 45.3593375))",substation,,,,,minor_distribution,,,,,transformer_tower,,,,,,,,,,,,,,,,,,,,,,,,,,"Campagna Lupia, Veneto, Italy",,,,,,,,,,,,,,,
126,"POLYGON ((12.0918439 45.3512569, 12.091812 45.3512678, 12.0918359 45.3512957, 12.0918644 45.3512854, 12.0918439 45.3512569))",substation,,,,,minor_distribution,,,,,transformer_tower,,,,,,,,,,,,,,,,,,,,,,,,,,"Campagna Lupia, Veneto, Italy",,,,,,,,,,,,,,,
127,"POLYGON ((12.1012204 45.3521735, 12.1012494 45.352194, 12.1012638 45.3521846, 12.1012789 45.3521748, 12.1012638 45.3521632, 12.1012497 45.3521524, 12.1012204 45.3521735))",substation,,,,,minor_distribution,,,,,transformer_tower,,,,,,,,,,,,,,,,,,,,,,,,,,"Campagna Lupia, Veneto, Italy",,,,,,,,,,,,,,,
128,"POLYGON ((12.0931294 45.3607079, 12.0931698 45.3606998, 12.0931564 45.3606667, 12.0931161 45.3606748, 12.0931294 45.3607079))",substation,,,,,minor_distribution,,,,,service,,,,,,,,,,,,,,,,,,,,,,,,,,"Campagna Lupia, Veneto, Italy",,,,,,,,,,,,,,,
129,"POLYGON ((12.1291369 45.333869, 12.1291603 45.3338675, 12.1291837 45.3338661, 12.1291875 45.333897, 12.1291406 45.3338999, 12.1291369 45.333869))",substation,,,,,minor_distribution,,,,,transformer_tower,,,,,,,,,,,,,,,,,,,,,,,,,,"Campagna Lupia, Veneto, Italy",,,,,,,,,,,,,,,
130,"POLYGON ((12.1076268 45.3486607, 12.1076069 45.3486371, 12.1076417 45.3486225, 12.1076513 45.348634, 12.1076616 45.3486462, 12.107646 45.3486527, 12.1076268 45.3486607))",substation,,,,,minor_distribution,,,,,transformer_tower,,,,,,,,,,,,,,,,,,,,,,,,,,"Campagna Lupia, Veneto, Italy",,,,,,,,,,,,,,,
131,"POLYGON ((12.1385093 45.3665541, 12.1384232 45.3666522, 12.1384541 45.3666656, 12.1385401 45.3665675, 12.1385093 45.3665541))",substation,,,,,minor_distribution,,,,,service,,,,,,,,,,,,,,,,,,,,,,,,,,"Campagna Lupia, Veneto, Italy",,,,,,,,,,,,,,,
132,"POLYGON ((12.1106454 45.3548971, 12.1106619 45.3548926, 12.1106784 45.3548882, 12.1106652 45.3548641, 12.1106487 45.3548686, 12.1106322 45.3548731, 12.1106454 45.3548971))",substation,,,,,minor_distribution,,,,,transformer_tower,,,,,,,,,,,,,,,,,,,,,,,,,,"Campagna Lupia, Veneto, Italy",,,,,,,,,,,,,,,
133,"POLYGON ((12.135542 45.3710899, 12.1355767 45.3710978, 12.1355893 45.3710705, 12.1355546 45.3710626, 12.1355485 45.3710759, 12.135542 45.3710899))",substation,,,,,minor_distribution,,,,,transformer_tower,,,,,,,,,,,,,,,,,,,,,,,,,,"Campagna Lupia, Veneto, Italy",,,,,,,,,,,,,,,
134,"POLYGON ((12.0972968 45.354083, 12.0973452 45.3540657, 12.0973311 45.3540461, 12.0972827 45.3540634, 12.0972968 45.354083))",substation,,,,,minor_distribution,,,,,service,,,,,,,,,,,,,,,,,,,,,,,,,,"Campagna Lupia, Veneto, Italy",,,,,,,,,,,,,,,
135,"POLYGON ((12.1256251 45.3875914, 12.1256703 45.3875862, 12.1256624 45.3875519, 12.1256172 45.387557, 12.1256215 45.3875755, 12.1256251 45.3875914))",substation,,,,,minor_distribution,,,,,transformer_tower,,,,,,,,,,,,,,,,,,,,,,,,,,"Campagna Lupia, Veneto, Italy",,,,,,,,,,,,,,,
136,"POLYGON ((12.134324 45.3670254, 12.1343662 45.3670193, 12.1343613 45.3670024, 12.1343581 45.3669912, 12.1343158 45.3669972, 12.134324 45.3670254))",substation,,,,,minor_distribution,,,,,transformer_tower,,,,,,,,,,,,,,,,,,,,,,,,,,"Campagna Lupia, Veneto, Italy",,,,,,,,,,,,,,,
137,POINT (12.6388701 45.5385251),substation,e-distribuzione S.p.A.,Q3725215,525448,,,Scuole M.Mic,it:E-distribuzione,,,,,,,,,,,,,,,,,,,,,,,,,,,,,"Jesolo, Veneto, Italy",,,,,,,,,,,,,,,
138,"POLYGON ((12.6429608 45.5266954, 12.6429973 45.526694, 12.6429941 45.5266544, 12.6429576 45.5266559, 12.6429608 45.5266954))",substation,e-distribuzione S.p.A.,Q3725215,209918,,,,it:E-distribuzione,,,service,,,,,,surface,,,,,,,,,,,,,,,,,,,,"Jesolo, Veneto, Italy",,,,,,,,,,,,,,,
139,"LINESTRING (12.7261476 45.5457641, 12.7272446 45.5460539)",,,,,,,,,,,,pipeline,,,,1,overground,,,,,,,,,,,,,,,,,,,,"Jesolo, Veneto, Italy",,,yes,arch,,,,,,,,,,,
140,"POLYGON ((12.7166488 45.545487, 12.716435 45.5435742, 12.7164988 45.5435237, 12.7185463 45.5434118, 12.7188965 45.5453629, 12.7166488 45.545487))",plant,,,,,,,,,,,,,,,,,,,,photovoltaic,yes,solar,,,,,,,,,,,,,,"Jesolo, Veneto, Italy",,,,,,,,,,,,,,,
141,"POLYGON ((12.6354823 45.5103559, 12.6354573 45.5100665, 12.6354024 45.5099526, 12.635098 45.5099627, 12.6351066 45.5099942, 12.6350567 45.5101671, 12.63501 45.5102401, 12.6350175 45.5103272, 12.6351356 45.5103763, 12.6354823 45.5103559))",plant,,,,,,,,,,,,,,,,,,,industrial,photovoltaic,yes,solar,,,,,,,,,,,,,,"Jesolo, Veneto, Italy",,,,,183,electrical,,,,,,,,,
142,"POLYGON ((12.6322259 45.5064934, 12.6322303 45.5064396, 12.6322824 45.5064417, 12.632278 45.5064955, 12.6322259 45.5064934))",substation,e-distribuzione S.p.A.,Q3725215,246985,,,13 Martiri 1,it:E-distribuzione,,,service,,,,,,surface,,,,,,,,,,,,,,,,,,,,"Jesolo, Veneto, Italy",,,,,,,,,,,,,,,
143,"POLYGON ((12.6393276 45.5168589, 12.6393593 45.5167977, 12.6393949 45.5168068, 12.6393631 45.516868, 12.6393276 45.5168589))",substation,e-distribuzione S.p.A.,Q3725215,,,,,it:E-distribuzione,,,service,,,,,,surface,,,,,,,,,,,,,,,,,,,,"Jesolo, Veneto, Italy",,,,,,,,,,,,,,,
144,"POLYGON ((12.623219 45.5070535, 12.6236742 45.5063517, 12.6243474 45.506573, 12.6240478 45.5069073, 12.6239989 45.5068895, 12.623914 45.5069939, 12.6240128 45.5070346, 12.6238059 45.5072392, 12.623219 45.5070535))",substation,e-distribuzione S.p.A.,Q3725215,,,distribution,Jesolo Lido,it:E-distribuzione,,132000;20000,,,,https://www.e-distribuzione.it/archivio-news/2022/11/jesolo-lido--inaugurata-la-nuova-cabina-primaria-sul-litorale-ve.html,,,,,,,,,,,,,,,,,,,,,,,"Jesolo, Veneto, Italy",,,,,,,,,,,,,,,
145,"POLYGON ((12.638252 45.5168361, 12.6382821 45.5168375, 12.638278 45.5168813, 12.6382479 45.5168799, 12.638252 45.5168361))",substation,e-distribuzione S.p.A.,Q3725215,708465,,,Capannine 1,it:E-distribuzione,,,service,,,,,,surface,,,,,,,,,,,,,,,,,,,,"Jesolo, Veneto, Italy",,,,,,,,,,,,,,,
146,"POLYGON ((12.6443686 45.5070486, 12.644319 45.5070308, 12.6443355 45.5070083, 12.6443394 45.5070029, 12.6443888 45.5070204, 12.6443686 45.5070486))",substation,e-distribuzione S.p.A.,Q3725215,206467,,,Nuova Piazza Drago Uffici,it:E-distribuzione,,,service,,,,,,,,,,,,,,,,,,,,,,,,,,"Jesolo, Veneto, Italy",,,,,,,,,,,,,,,
147,"POLYGON ((12.6275017 45.5052281, 12.6275098 45.5052101, 12.6275508 45.5052192, 12.6275427 45.5052371, 12.6275017 45.5052281))",substation,e-distribuzione S.p.A.,Q3725215,111058,,,S. Bertazzoli,it:E-distribuzione,,,service,,,,,,surface,,,,,,,,,,,,,,,,,,,,"Jesolo, Veneto, Italy",,,,,,,,,,,,,,,
148,"POLYGON ((12.6058932 45.4966114, 12.6060372 45.496654, 12.6060341 45.4966592, 12.6060243 45.4966755, 12.6058802 45.4966329, 12.6058932 45.4966114))",substation,e-distribuzione S.p.A.,Q3725215,700838,,,Marchetti,it:E-distribuzione,,,service,,,,,,surface,,,,,,,,,,,,,,,,,,,,"Jesolo, Veneto, Italy",,,,,,,,,,,,,,,
149,"POLYGON ((12.6425528 45.5216446, 12.6425889 45.5216457, 12.6425858 45.5216942, 12.6425497 45.5216931, 12.6425528 45.5216446))",substation,e-distribuzione S.p.A.,Q3725215,230379,,,Giabardo,it:E-distribuzione,,,service,,,,,,surface,,,,,,,,,,,,,,,,,,,,"Jesolo, Veneto, Italy",,,,,,,,,,,,,,,
150,"POLYGON ((12.6400377 45.5081349, 12.6400852 45.5081275, 12.6400936 45.5081541, 12.640046 45.5081614, 12.6400377 45.5081349))",substation,e-distribuzione S.p.A.,Q3725215,329455,,minor_distribution,Rotonda Picchi 2,it:E-distribuzione,,,service,,,,service,,surface,,,,,,,,,,,,,,,,,,,power,"Jesolo, Veneto, Italy",,,,,,,1,concrete,concrete,flat,,,,,
151,"POLYGON ((12.6234001 45.5079044, 12.6235499 45.5079648, 12.62533 45.5090652, 12.6253767 45.5090941, 12.6254272 45.5091253, 12.6257014 45.5092949, 12.6271002 45.5080034, 12.6240128 45.5070346, 12.6238059 45.5072392, 12.623344 45.5077395, 12.6234783 45.5077996, 12.6234001 45.5079044))",plant,,,,,,,,,,,,,,,,,,,industrial,photovoltaic,yes,solar,,,,,,,,,,,,,,"Jesolo, Veneto, Italy",,,,,,electrical,,,,,,,,,
152,"POLYGON ((12.6365672 45.5402447, 12.6366152 45.5402402, 12.6366106 45.540216, 12.6365625 45.5402204, 12.6365672 45.5402447))",substation,e-distribuzione S.p.A.,Q3725215,436065,,,Scuole Elem.,it:E-distribuzione,,,service,,,,,,,,,,,,,,,,,,,,,,,,,,"Jesolo, Veneto, Italy",,,,,,,,,,,,,,,
153,"POLYGON ((12.6326609 45.5408073, 12.6327101 45.5408054, 12.6327124 45.5408347, 12.6326632 45.5408366, 12.6326609 45.5408073))",substation,e-distribuzione S.p.A.,Q3725215,236634,,,Centro Soc.,it:E-distribuzione,,,service,,,,,,,,,,,,,,,,,,,,,,,,,,"Jesolo, Veneto, Italy",,,,,,,,,,,,,,,
154,"POLYGON ((12.6477042 45.5406739, 12.6475534 45.540881, 12.6473993 45.5410871, 12.6473759 45.5411253, 12.6473297 45.5411114, 12.6468262 45.540993, 12.6466649 45.5413923, 12.6465795 45.5416481, 12.6477425 45.5418152, 12.648228 45.5411582, 12.648447 45.5408753, 12.6479676 45.5406882, 12.6479312 45.5406863, 12.6479034 45.5406869, 12.6478799 45.5406899, 12.6478591 45.5406982, 12.6478477 45.540707, 12.6478325 45.5407253, 12.647749 45.5406919, 12.6477042 45.5406739))",substation,Enel Distribuzione,,,,,Jesolo,,VVENJESV,132000,,,,,,,,,,,,,,,,,,,,,,,,,,,"Jesolo, Veneto, Italy",,,,,,,,,,,,,,,
155,"POLYGON ((12.6075877 45.496093, 12.6076551 45.4961124, 12.6076422 45.4961344, 12.6075748 45.496115, 12.6075877 45.496093))",substation,e-distribuzione S.p.A.,Q3725215,668311,,,Via Leopardi 2,it:E-distribuzione,,,service,,,,,,surface,,,,,,,,,,,,,,,,,,,,"Jesolo, Veneto, Italy",,,,,,,,,,,,,,,
156,"POLYGON ((12.6533642 45.511781, 12.6533819 45.5117433, 12.653446 45.5117582, 12.6534283 45.5117958, 12.6533642 45.511781))",substation,e-distribuzione S.p.A.,Q3725215,399710,,,V. Oderzo,it:E-distribuzione,,,service,,,,,,surface,,,,,,,,,,,,,,,,,,,,"Jesolo, Veneto, Italy",,,,,,,,,,,,,,,
157,"POLYGON ((12.7163472 45.5435342, 12.716585 45.5456697, 12.7146206 45.5457776, 12.7146018 45.5456465, 12.7145226 45.5456201, 12.7145015 45.5455214, 12.7145692 45.5454801, 12.7142372 45.5436531, 12.7163472 45.5435342))",plant,,,,,,,,,,,,,,,,,,,,photovoltaic,yes,solar,,,,,,,,,,,,,,"Jesolo, Veneto, Italy",,,,,,,,,,,,,,,
158,"POLYGON ((12.6909792 45.5558291, 12.6910897 45.5558285, 12.6924206 45.5558211, 12.6928796 45.5554917, 12.6928796 45.554934, 12.6924699 45.5546524, 12.6904625 45.5546676, 12.690376 45.5546683, 12.6902585 45.5547533, 12.6902622 45.555343, 12.6909792 45.5558291))",plant,,,,,,,,,,,,,,,,,,,,photovoltaic,yes,solar,,,,,,,,,,,,,,"Jesolo, Veneto, Italy",,,,,,,,,,,,,,,
159,"POLYGON ((12.6396966 45.5192578, 12.6396889 45.5192361, 12.639715 45.5192315, 12.6397227 45.5192533, 12.6396966 45.5192578))",substation,e-distribuzione S.p.A.,Q3725215,221516,,,Bivio,it:E-distribuzione,,,service,,,,,,surface,,,,,,,,,,,,,,,,,,,,"Jesolo, Veneto, Italy",,,,,,,,,,,,,,,
160,"POLYGON ((12.640732 45.5301622, 12.640721 45.5301305, 12.6407576 45.5301243, 12.6407686 45.530156, 12.640732 45.5301622))",substation,e-distribuzione S.p.A.,Q3725215,200889,,,Basso Sile 1,it:E-distribuzione,,,service,,,,,,surface,,,,,,,,,,,,,,,,,,,,"Jesolo, Veneto, Italy",,,,,,,,,,,,,,,
161,"POLYGON ((12.6309478 45.5407157, 12.6309561 45.5406858, 12.6309988 45.5406917, 12.6309904 45.5407216, 12.6309478 45.5407157))",substation,e-distribuzione S.p.A.,Q3725215,21959,,,Piave Vecchia,it:E-distribuzione,,,service,,,,,,,,,,,,,,,,,,,,,,,,,,"Jesolo, Veneto, Italy",,,,,,,,,,,,,,,
162,"POLYGON ((12.635681 45.5062127, 12.6356959 45.5061862, 12.6357567 45.5062031, 12.6357417 45.5062296, 12.635681 45.5062127))",substation,e-distribuzione S.p.A.,Q3725215,206524,,,Rotonda Picchi 5^,it:E-distribuzione,,,service,,,,,,surface,,,,,,,,,,,,,,,,,,,,"Jesolo, Veneto, Italy",,,,,,,,,,,,,,,
163,"POLYGON ((12.6353087 45.5062859, 12.6353033 45.5062555, 12.635389 45.5062481, 12.6353944 45.5062785, 12.6353087 45.5062859))",substation,e-distribuzione S.p.A.,Q3725215,324503,,,Acquario,it:E-distribuzione,,,service,,,,,,surface,,,,,,,,,,,,,,,,,,,,"Jesolo, Veneto, Italy",,,,,,,,,,,,,,,
164,"POLYGON ((12.6351923 45.5062951, 12.6351869 45.5062647, 12.6352726 45.5062573, 12.635278 45.5062877, 12.6351923 45.5062951))",substation,,,,,,,,,,service,,,,,,surface,,,,,,,,,,,,,,,,,,,,"Jesolo, Veneto, Italy",,,,,,,,,,,,,,,
165,"POLYGON ((12.6350328 45.5384086, 12.6350281 45.5383714, 12.6350927 45.5383675, 12.6350973 45.5384047, 12.6350328 45.5384086))",substation,e-distribuzione S.p.A.,Q3725215,232157,,,Supermercati Bolivar,it:E-distribuzione,,,service,,,,,,,,,,,,,,,,,,,,,,,,,,"Jesolo, Veneto, Italy",,,,,,,,,,,,,,,
166,"POLYGON ((12.5956665 45.4915845, 12.5956806 45.491561, 12.5957191 45.4915724, 12.595705 45.4915959, 12.5956665 45.4915845))",substation,e-distribuzione S.p.A.,Q3725215,,,,,it:E-distribuzione,,,service,,,,,,surface,,,,,,,,,,,,,,,,,,,,"Jesolo, Veneto, Italy",,,,,,,,,,,,,,,
167,"POLYGON ((12.639524 45.5281152, 12.6395071 45.528078, 12.6395578 45.5280667, 12.6395747 45.5281039, 12.639524 45.5281152))",substation,e-distribuzione S.p.A.,Q3725215,,,,,it:E-distribuzione,,,service,,,,,,surface,,,,,,,,,,,,,,,,,,,,"Jesolo, Veneto, Italy",,,,,,,,,,,,,,,
168,"POLYGON ((12.6310303 45.5014417, 12.6310487 45.5014176, 12.6310861 45.5014317, 12.6310676 45.5014558, 12.6310303 45.5014417))",substation,e-distribuzione S.p.A.,Q3725215,208359,,,Matilda,it:E-distribuzione,,,service,,,,,,surface,,,,,,,,,,,,,,,,,,,,"Jesolo, Veneto, Italy",,,,,,,,,,,,,,,
169,"POLYGON ((12.6444946 45.5406105, 12.6444799 45.5405941, 12.6445015 45.5405846, 12.6445162 45.540601, 12.6444946 45.5406105))",substation,e-distribuzione S.p.A.,Q3725215,,,,,it:E-distribuzione,,,service,,,,,,surface,,,,,,,,,,,,,,,,,,,,"Jesolo, Veneto, Italy",,,,,,,,,,,,,,,
170,"POLYGON ((12.6361967 45.5389909, 12.6361917 45.538955, 12.6362419 45.5389517, 12.6362468 45.5389875, 12.6361967 45.5389909))",substation,e-distribuzione S.p.A.,Q3725215,648626,,,V.Mure,it:E-distribuzione,,,yes,,,,,,,,,,,,,,,,,,,,,,,,,,"Jesolo, Veneto, Italy",,,,,,,,,,,,,,,
171,"POLYGON ((12.6443686 45.5070486, 12.6443888 45.5070204, 12.6444353 45.5070368, 12.6444142 45.5070652, 12.6443686 45.5070486))",substation,e-distribuzione S.p.A.,Q3725215,206959,,,Torri P.za Drago,it:E-distribuzione,,,service,,,,,,,,,,,,,,,,,,,,,,,,,,"Jesolo, Veneto, Italy",,,,,,,,,,,,,,,
172,"POLYGON ((12.718794 45.5401959, 12.7187919 45.5401626, 12.7188318 45.5401613, 12.7188339 45.5401947, 12.718794 45.5401959))",substation,e-distribuzione S.p.A.,Q3725215,395282,,,V. Asmara,it:E-distribuzione,,,yes,,,,,,surface,,,,,,,,,,,,,,,,,,,,"Jesolo, Veneto, Italy",,,,,,,,,,,,,,,
173,"POLYGON ((12.6399861 45.5825701, 12.6403975 45.583056, 12.6401292 45.5834228, 12.6400746 45.5834691, 12.6400161 45.5834916, 12.6399235 45.5835171, 12.6391486 45.5825635, 12.6399861 45.5825701))",plant,,,,,,,,,,,,,,,,surface,,,,photovoltaic,,solar,,,,solar,,,,,,,,,,"Jesolo, Veneto, Italy",,,,,,,,,,,photovoltaic,solar_photovoltaic_panel,,,
174,"POLYGON ((12.641258 45.5209743, 12.6413097 45.5209727, 12.6413122 45.5210112, 12.6412604 45.5210128, 12.641258 45.5209743))",substation,e-distribuzione S.p.A.,Q3725215,542505,,,Cancelli,it:E-distribuzione,,,service,,,,,,surface,,,,,,,,,,,,,,,,,,,,"Jesolo, Veneto, Italy",,,,,,,,,,,,,,,
175,"POLYGON ((12.6429381 45.5198592, 12.6429304 45.5198393, 12.643001 45.519826, 12.6430087 45.5198459, 12.6429381 45.5198592))",substation,e-distribuzione S.p.A.,Q3725215,230251,,,Via Pazienti,it:E-distribuzione,,,yes,,,,,,surface,,,,,,,,,,,,,,,,,,,,"Jesolo, Veneto, Italy",,,,,,,,,,,,,,,
176,"POLYGON ((12.6406948 45.5291089, 12.6406731 45.5290676, 12.6407158 45.5290566, 12.6407375 45.5290979, 12.6406948 45.5291089))",substation,e-distribuzione S.p.A.,Q3725215,206656,,,Basso Sile 2^,it:E-distribuzione,,,service,,,,,,surface,,,,,,,,,,,,,,,,,,,,"Jesolo, Veneto, Italy",,,,,,,,,,,,,,,
177,"POLYGON ((12.6059792 45.4957431, 12.6060049 45.4957526, 12.606039 45.4957072, 12.6060132 45.4956977, 12.6059792 45.4957431))",substation,e-distribuzione S.p.A.,Q3725215,,,,,it:E-distribuzione,,,service,,,,,,surface,,,,,,,,,,,,,,,,,,,,"Jesolo, Veneto, Italy",,,,,,,,,,,,,,,
178,"POLYGON ((12.6053824 45.4958536, 12.605395 45.495833, 12.6054577 45.495852, 12.605445 45.4958726, 12.6053824 45.4958536))",substation,e-distribuzione S.p.A.,Q3725215,,,,,it:E-distribuzione,,,service,,,,,,surface,,,,,,,,,,,,,,,,,,,,"Jesolo, Veneto, Italy",,,,,,,,,,,,,,,
179,"POLYGON ((12.6059308 45.4957269, 12.6059565 45.4957364, 12.6059906 45.495691, 12.6059648 45.4956815, 12.6059308 45.4957269))",substation,e-distribuzione S.p.A.,Q3725215,,,,,it:E-distribuzione,,,service,,,,,,surface,,,,,,,,,,,,,,,,,,,,"Jesolo, Veneto, Italy",,,,,,,,,,,,,,,
180,"POLYGON ((12.6507989 45.5088927, 12.6508161 45.5088662, 12.6508209 45.5088678, 12.6508571 45.5088802, 12.6508388 45.5089064, 12.6507989 45.5088927))",substation,,,,,,,,,,service,,,,,,,,,,,,,,,,,,,,,,,,,,"Jesolo, Veneto, Italy",,,,,,,,,,,,,,,
181,"POLYGON ((12.652688 45.5079908, 12.6527004 45.5079725, 12.6527345 45.5079838, 12.652722 45.5080022, 12.652688 45.5079908))",substation,e-distribuzione S.p.A.,Q3725215,723423,,,Larimar,it:E-distribuzione,,,service,,,,,,surface,,,,,,,,,,,,,,,,,,,,"Jesolo, Veneto, Italy",,,,,,,,,,,,,,,
182,"POLYGON ((12.6525392 45.5091601, 12.652559 45.5091349, 12.6525867 45.5091457, 12.6525669 45.5091708, 12.6525392 45.5091601))",substation,e-distribuzione S.p.A.,Q3725215,26332,,,Via Nelson,it:E-distribuzione,,,yes,,,,,,surface,,,,,,,,,,,,,,,,,,,,"Jesolo, Veneto, Italy",,,,,,,,,,,,,,,
183,"POLYGON ((12.721199 45.5427062, 12.7211976 45.5426725, 12.7212383 45.5426716, 12.7212397 45.5427054, 12.721199 45.5427062))",substation,e-distribuzione S.p.A.,Q3725215,314495,,,V. Toscanelli,it:E-distribuzione,,,service,,,,,,surface,,,,,,,,,,,,,,,,,,,,"Jesolo, Veneto, Italy",,,,,,,,,,,,,,,
184,"POLYGON ((12.6811108 45.5231926, 12.681133 45.5231537, 12.6811735 45.523165, 12.6811513 45.523204, 12.6811108 45.5231926))",substation,,,,,minor_distribution,,,,,yes,,,,,,surface,,,,,,,,,,,,,,,,,,,,"Jesolo, Veneto, Italy",,,,,,,,,,,,,,,
185,"LINESTRING (12.1991156 45.200637, 12.1982573 45.2000096)",,,,,,,,,,,,pipeline,,,,1,,,,,,,,,,,,,,,,,,,,,"Chioggia, Veneto, Italy",,,yes,,,,,,,,,,,,
186,"POLYGON ((12.2803438 45.1895985, 12.280331 45.1895351, 12.2803823 45.1894899, 12.2803759 45.189422, 12.2803139 45.1893964, 12.2802967 45.1893391, 12.280408 45.1892033, 12.2806284 45.1890223, 12.2808253 45.1888851, 12.2810799 45.1887795, 12.2812362 45.1887599, 12.2813667 45.1894869, 12.2813346 45.1895125, 12.2803438 45.1895985))",substation,Enel Distribuzione,Q3725215,,,distribution,Brondolo,,VVENBRLV,132000,,,,,,,,,,,,,,,,,,,,,,,,,,,"Chioggia, Veneto, Italy",,,,,,,,,,,,,,,
187,"LINESTRING (12.2285056 45.1850015, 12.2285882 45.1852006)",,,,,,,Canale Barche,,,,,pipeline,,,,,overground,water,,,,,,,,,,,,,,,,,,,"Chioggia, Veneto, Italy",,,,,,,,,,,,,R001,R001,canal
188,"POLYGON ((12.1872094 45.1787547, 12.1872717 45.1787627, 12.187284 45.1787153, 12.1872217 45.1787073, 12.1872094 45.1787547))",substation,,,,,,,,,,yes,,,,,,,,,,,,,,,,,,,,,,,,,,"Chioggia, Veneto, Italy",,,,,,,,,,,,,,,
189,"POLYGON ((12.2311856 45.1770947, 12.2308302 45.1762608, 12.2320747 45.1759942, 12.2324824 45.1771656, 12.2311856 45.1770947))",plant,,,,,,,,,,,,,,,,,,,,photovoltaic,yes,solar,,,,,,,,,,,,,,"Chioggia, Veneto, Italy",,,,,,,,,,,,,,,
190,"POLYGON ((12.1923234 45.2271382, 12.1923257 45.2271219, 12.1923284 45.2271035, 12.1923523 45.2271052, 12.192378 45.2271071, 12.1923755 45.2271245, 12.192373 45.2271417, 12.1923234 45.2271382))",substation,,,,,minor_distribution,,,,,transformer_tower,,,,,,,,,,,,,,,,,,,,,,,,,,"Chioggia, Veneto, Italy",,,,,,,,,,,,,,,
191,"POLYGON ((12.205233 45.2386162, 12.2052286 45.2385827, 12.2052458 45.2385816, 12.2052644 45.2385804, 12.2052687 45.2386139, 12.205233 45.2386162))",substation,,,,,minor_distribution,,,,,transformer_tower,,,,,,,,,,,,,,,,,,,,,,,,,,"Chioggia, Veneto, Italy",,,,,,,,,,,,,,,
192,"POLYGON ((12.1968757 45.247223, 12.1968871 45.2471976, 12.1969009 45.2472007, 12.1969187 45.2472046, 12.1969073 45.2472301, 12.1968757 45.247223))",substation,,,,,minor_distribution,,,,,transformer_tower,,,,,,,,,,,,,,,,,,,,,,,,,,"Chioggia, Veneto, Italy",,,,,,,,,,,,,,,
